{
  "profit_margin_q25": 0.13588490713774237,
  "revenue_median": 1010.9900545209891,
  "offshore_intensity_q75": 0.027869813544625463,
  "tax_rate_deviation_q90": 17.377542176777443,
  "optimal_threshold": 0.7811
}
